"Mean_Minor","Mean_Round","SD_Round","Mean_variance_R","SD_median_R","SD_inertia_R","Mean_kurtosis_G","SD_variance_G","SD_kurtosis_G","SD_HGLRE_G","SD_SRHGLE_G","SD_LRHGLE_G","Mean_IDM_B","SD_entropy_B","SD_haraCorr_B","SD_IDM_B","SD_IDM_HSV","Mean_GLN_Lab","Mean_LGLRE_Lab","Mean_SRLGLE_Lab","Mean_LRLGLE_Lab","Mean_GLN_Luv","Mean_LGLRE_Luv","Mean_SRLGLE_Luv","Mean_LRLGLE_Luv","Mean_GLN_HE","Mean_skewness_BR","Mean_correlation_BR","Class"
20.59691009,0.647204066,0.158811031,821.0659581,26.54910171,130.4495486,-0.084195616,310.6810415,0.67166253,2569.787794,2569.787794,2569.787794,0.100171223,0.453808882,30702669.6,0.014298274,0.01460893,8.402935911,0.001112765,0.001112765,0.001112765,8.402935911,0.001112765,0.001112765,0.001112765,10.57304994,0.045534511,3.35e-07,"UDH"
21.42897112,0.635761733,0.166682515,1087.51364,25.89197224,204.8889953,-0.312318541,466.8860599,0.663644594,2633.03935,2633.03935,2633.03935,0.096896808,0.528533541,39771092.36,0.015091878,0.015145163,8.631932622,0.001049865,0.001049865,0.001049865,8.631932622,0.001049865,0.001049865,0.001049865,10.58119566,0.114220615,-5.74e-08,"UDH"
18.52369814,0.616247086,0.157495582,1030.00396,18.33331371,126.8481979,-0.179888334,262.3451188,0.704321008,1324.924633,1324.924633,1324.924633,0.090957099,0.488108632,34175033.87,0.013091172,0.01378343,6.604437634,0.001263863,0.001263863,0.001263863,6.604437634,0.001263863,0.001263863,0.001263863,9.425957075,4.071812817,6.63e-05,"UDH"
22.76206949,0.646532203,0.161048089,854.404,21.93514532,136.0610033,-0.295879209,245.1773273,0.481479725,2126.376551,2126.376551,2126.376551,0.090079535,0.566976568,31807946.68,0.012863667,0.013504179,10.04045275,0.001273442,0.001273442,0.001273442,10.04045275,0.001273442,0.001273442,0.001273442,12.57237199,0.403952104,3.08e-06,"DCIS"
20.1555384,0.705879195,0.147715975,651.6603238,32.03703665,138.3412853,-0.217825517,317.2807873,0.618554845,3108.114868,3108.114868,3108.114868,0.104787507,0.447505976,32876219.5,0.01908424,0.018887653,7.729443181,0.001285516,0.001285516,0.001285516,7.729443181,0.001285516,0.001285516,0.001285516,10.49305146,0.029641008,5.02e-08,"DCIS"
22.24876179,0.743798349,0.149890188,715.6395122,29.58041966,387.3306494,-0.000259933,366.3453223,0.655894939,2784.20729,2784.20729,2784.20729,0.096588352,0.469586293,26387322.37,0.020838052,0.020959077,9.347230898,0.001313611,0.001313611,0.001313611,9.347230898,0.001313611,0.001313611,0.001313611,11.49478115,0.012225204,5.13e-07,"DCIS"
19.85154122,0.688077551,0.151333316,789.837765,24.71398866,156.8714858,-0.101894841,321.622634,0.783251929,2330.293232,2330.293232,2330.293232,0.102052733,0.513440829,37287539.17,0.016454775,0.016503016,8.19254432,0.001476177,0.001476177,0.001476177,8.19254432,0.001476177,0.001476177,0.001476177,10.97880342,0.510083345,7.61e-06,"DCIS"
21.89133309,0.742221813,0.144213798,849.7571855,27.41573801,122.1503411,-0.087969376,238.733984,0.786517507,1661.03114,1661.03114,1661.03114,0.105598467,0.501858266,21457635.21,0.01454773,0.015814166,8.883727139,0.001450934,0.001450934,0.001450934,8.883727139,0.001450934,0.001450934,0.001450934,10.68406392,0.022927935,2.15e-07,"DCIS"
20.44311007,0.623824356,0.165955816,800.3007773,27.83072436,152.2616976,0.24188108,311.8432759,0.984859375,2561.634273,2561.634273,2561.634273,0.092876264,0.494229274,35318810.14,0.014967259,0.016052457,9.142945761,0.001429548,0.001429548,0.001429548,9.142945761,0.001429548,0.001429548,0.001429548,11.55066518,0.093231288,1.81e-06,"DCIS"
23.05497432,0.714315925,0.152772914,953.3746833,26.02024322,526.0292413,0.019342243,406.7307174,0.686347127,2971.391681,2971.391681,2971.391681,0.089979355,0.50251379,39435831.09,0.014824464,0.015006514,9.124481844,0.001088956,0.001088956,0.001088956,9.124481844,0.001088956,0.001088956,0.001088956,11.40807051,0.154395463,3.96e-06,"DCIS"
22.23452534,0.713045319,0.139342319,740.1823718,24.69813475,138.6052987,-0.19120216,283.058847,0.505497302,3066.971634,3066.971634,3066.971634,0.087881767,0.462446261,27349206.3,0.014252702,0.014524324,8.697896927,0.000798015,0.000798015,0.000798015,8.697896927,0.000798015,0.000798015,0.000798015,11.4215131,0.026233944,8.04e-08,"DCIS"
23.45134741,0.659724393,0.162438198,789.6408306,23.72941908,142.0867117,-0.298035354,285.7101242,0.504245869,2279.292844,2279.292844,2279.292844,0.090763738,0.621529232,40973609.51,0.016809691,0.016899668,10.48963979,0.001410277,0.001410277,0.001410277,10.48963979,0.001410277,0.001410277,0.001410277,13.35649853,0.263243424,4.97e-06,"DCIS"
21.81598868,0.7780607,0.138759063,785.8440378,30.71410322,151.9765711,0.257757029,244.7414696,0.931892351,2275.384686,2275.384686,2275.384686,0.102531632,0.427150329,29281375.77,0.014659937,0.014775362,8.628936746,0.001391149,0.001391149,0.001391149,8.628936746,0.001391149,0.001391149,0.001391149,10.66827441,0.00615241,2.42e-07,"DCIS"
20.243107,0.697621704,0.144316566,635.7491029,29.43376564,170.605778,-0.023092415,254.6702766,0.537373311,3275.928615,3275.928615,3275.928615,0.097349747,0.518640264,26627197.6,0.021130912,0.021720811,7.791783125,0.000820623,0.000820623,0.000820623,7.791783125,0.000820623,0.000820623,0.000820623,11.53520234,0,0,"DCIS"
22.67549886,0.696838514,0.151673989,946.4923014,28.90230504,176.5922124,0.077050174,493.6746403,0.816822933,3820.482313,3820.482313,3820.482313,0.09456781,0.518861263,38924592.78,0.01691802,0.017456144,8.380449552,0.000890825,0.000890825,0.000890825,8.380449552,0.000890825,0.000890825,0.000890825,12.08966487,0,0,"DCIS"
21.27189995,0.69561769,0.137683021,836.347575,21.41969319,155.7744758,-0.235265124,251.5126979,0.471523138,2255.618372,2255.618372,2255.618372,0.080197039,0.468470958,32935299.28,0.01377872,0.013594497,7.804511929,0.000792449,0.000792449,0.000792449,7.804511929,0.000792449,0.000792449,0.000792449,9.452642205,0.338846547,3.88e-06,"DCIS"
23.17376816,0.734503724,0.149619139,814.2420697,28.5302676,164.7169504,-0.091776855,298.0310168,0.589760647,2539.186435,2539.186435,2539.186435,0.100009799,0.524084118,27486813.42,0.018115417,0.017726135,9.098989236,0.001103959,0.001103959,0.001103959,9.098989236,0.001103959,0.001103959,0.001103959,11.84415669,0.00546342,2.33e-07,"DCIS"
20.92032865,0.704693229,0.139817851,882.923455,22.46543859,118.7563006,-0.230610012,245.8866714,0.560197164,1788.294915,1788.294915,1788.294915,0.086904239,0.467328969,31853326.67,0.013031219,0.013419424,7.46734742,0.001153283,0.001153283,0.001153283,7.46734742,0.001153283,0.001153283,0.001153283,8.812967271,0.614779615,9.07e-06,"DCIS"
20.16838585,0.657441877,0.160946652,785.4408322,27.81478649,146.8507389,-0.241867784,326.0285402,0.625053173,2763.836637,2763.836637,2763.836637,0.09527403,0.44153754,30342852.38,0.015346786,0.015870065,7.667721403,0.001160882,0.001160882,0.001160882,7.667721403,0.001160882,0.001160882,0.001160882,9.565472006,0,0,"UDH"
22.10125031,0.654614232,0.161340461,920.9011772,22.73381831,125.7496512,-0.328557704,294.2336672,0.492016849,2624.271771,2624.271771,2624.271771,0.097216989,0.501472099,32027096.19,0.013060303,0.013524476,9.547683798,0.000939392,0.000939392,0.000939392,9.547683798,0.000939392,0.000939392,0.000939392,12.22763996,0.180209318,2.78e-06,"UDH"
24.50799039,0.653601235,0.159269739,664.3765841,27.34452917,141.4426309,0.123254918,294.4219542,0.778568847,2866.509073,2866.509073,2866.509073,0.100927535,0.579465443,31478091.96,0.015829344,0.015996047,13.81250663,0.00116971,0.00116971,0.00116971,13.81250663,0.00116971,0.00116971,0.00116971,16.90082385,0.056295484,8.44e-07,"DCIS"
22.32619812,0.6515585,0.155642693,803.2850186,28.03011998,147.6749833,-0.29647706,320.3084509,0.558768896,3169.836642,3169.836642,3169.836642,0.100205803,0.511241935,36632328.34,0.015442678,0.015999838,10.23774165,0.000906505,0.000906505,0.000906505,10.23774165,0.000906505,0.000906505,0.000906505,12.36016276,0.0747171,1.09e-06,"UDH"
25.02234827,0.683163295,0.16204669,854.2899152,21.79725578,101.7856136,-0.375156697,282.0413176,0.432348098,2146.548406,2146.548406,2146.548406,0.088553628,0.657076977,42197783.77,0.014549087,0.014855819,10.11397352,0.001344959,0.001344959,0.001344959,10.11397352,0.001344959,0.001344959,0.001344959,12.76333634,0.844825347,1.74e-05,"DCIS"
18.61700098,0.626074598,0.153605776,772.503815,23.8113518,163.376107,-0.298240078,294.1522956,0.55987108,2298.458805,2298.458805,2298.458805,0.094821338,0.441685534,28557128.05,0.014333324,0.015134586,7.280248447,0.001031345,0.001031345,0.001031345,7.280248447,0.001031345,0.001031345,0.001031345,9.260879297,0.064592438,8.8e-07,"UDH"
18.14623077,0.622156142,0.160774157,788.4148923,24.16386719,165.8226525,0.082797095,364.3808663,0.81222764,2423.052319,2423.052319,2423.052319,0.091889584,0.40434711,30169879.67,0.014644734,0.015041596,7.122204053,0.001208986,0.001208986,0.001208986,7.122204053,0.001208986,0.001208986,0.001208986,8.279554948,0.018289116,5.1e-07,"UDH"
20.29383016,0.664048527,0.145555446,1005.471759,20.48575298,109.8529719,-0.402935112,231.6536677,0.602838445,1658.470096,1658.470096,1658.470096,0.100458037,0.504691688,31498150.35,0.014458203,0.014914489,7.417099184,0.001235888,0.001235888,0.001235888,7.417099184,0.001235888,0.001235888,0.001235888,10.07551668,1.374860486,1.63e-05,"UDH"
20.43579657,0.694836765,0.142838239,830.5925292,22.22359745,125.5151694,-0.26121666,276.2246345,0.61085553,2171.725036,2171.725036,2171.725036,0.099845567,0.480285206,34776717.76,0.014739447,0.015252442,7.913689656,0.001102159,0.001102159,0.001102159,7.913689656,0.001102159,0.001102159,0.001102159,10.26622853,0.930131187,1.29e-05,"UDH"
24.77910867,0.684940724,0.156426048,646.1222969,30.59464295,116.7484603,-0.206114974,275.0442471,0.517133565,2730.1709,2730.1709,2730.1709,0.102745868,0.55026498,32250291.45,0.017696479,0.01822009,11.79454254,0.001263498,0.001263498,0.001263498,11.79454254,0.001263498,0.001263498,0.001263498,16.96652044,0.094970759,5.38e-07,"DCIS"
21.849718,0.673943,0.15115482,874.1828662,27.51119651,431.8402348,-0.129249221,386.2072386,0.592241411,3021.764204,3021.764204,3021.764204,0.079126946,0.556068267,38240387.99,0.014360254,0.01439343,8.416368636,0.001134072,0.001134072,0.001134072,8.416368636,0.001134072,0.001134072,0.001134072,11.40945463,0.132846279,2.53e-06,"DCIS"
21.31341941,0.623067434,0.172899158,925.0715896,24.47688516,181.7463253,-0.404562451,386.6192481,0.499291292,3199.479186,3199.479186,3199.479186,0.080825078,0.642484216,47062868.61,0.01889839,0.018801485,8.394627648,0.001182421,0.001182421,0.001182421,8.394627648,0.001182421,0.001182421,0.001182421,10.92779859,0.066389441,1.48e-06,"DCIS"
23.05522067,0.652465849,0.168115009,722.4746175,24.83041042,108.966352,-0.026718536,206.8265068,0.820720668,1582.511706,1582.511706,1582.511706,0.101574241,0.479017963,24376102.96,0.014600492,0.014641533,11.14182343,0.001980214,0.001980214,0.001980214,11.14182343,0.001980214,0.001980214,0.001980214,14.03913646,0.053125184,2.02e-07,"DCIS"
22.80572059,0.63780719,0.165275128,841.6605424,30.49634906,175.4434248,-0.126212712,322.6437081,0.603267915,2808.747138,2808.747138,2808.747138,0.088208381,0.506390717,37006271.54,0.013668962,0.01362031,10.19766128,0.00154374,0.00154374,0.00154374,10.19766128,0.00154374,0.00154374,0.00154374,12.43746483,0.093446841,7.97e-07,"DCIS"
20.96104265,0.65912009,0.161513551,802.8747483,21.0592638,161.3283939,-0.198907056,233.2627158,0.529065083,2164.42087,2164.42087,2164.42087,0.088492098,0.484011353,28466127.57,0.013554264,0.014163269,8.857637177,0.001282477,0.001282477,0.001282477,8.857637177,0.001282477,0.001282477,0.001282477,10.7419792,0.314908695,1.8e-06,"DCIS"
20.99006176,0.645973529,0.164816895,685.6969983,25.76936366,149.7400735,-0.100899982,308.8965689,0.726249133,3064.144519,3064.144519,3064.144519,0.091376732,0.577897535,45571646.02,0.017301782,0.017880578,9.772763291,0.001011335,0.001011335,0.001011335,9.772763291,0.001011335,0.001011335,0.001011335,13.05257164,0.249371717,5.8e-06,"DCIS"
21.70902534,0.648321637,0.160689177,712.2439201,23.75090366,120.6598578,-0.346420652,253.5519815,0.540930997,1726.380837,1726.380837,1726.380837,0.098744729,0.671209209,44860036.28,0.01865325,0.019097119,10.00322205,0.001760241,0.001760241,0.001760241,10.00322205,0.001760241,0.001760241,0.001760241,12.90237049,1.088111719,1.79e-05,"DCIS"
23.89026892,0.687390438,0.156216541,899.6930998,22.09708758,128.5424864,-0.178791664,249.8553374,0.549516621,1671.693291,1671.693291,1671.693291,0.08273612,0.525013396,37017126.23,0.013566124,0.014292509,9.429915669,0.001585183,0.001585183,0.001585183,9.429915669,0.001585183,0.001585183,0.001585183,11.38284739,0.670611006,1.12e-05,"DCIS"
23.2094878,0.61351626,0.175844974,843.6331166,26.15258267,149.3595178,-0.267693748,355.2336637,0.540072615,3413.501873,3413.501873,3413.501873,0.08691911,0.597043285,46073318.71,0.015038244,0.015045209,10.5941387,0.001482147,0.001482147,0.001482147,10.5941387,0.001482147,0.001482147,0.001482147,14.78311837,0.103109987,2.19e-06,"DCIS"
21.15613624,0.627594005,0.173343672,1065.447232,28.55561023,201.3338839,-0.219051614,429.4429211,0.693231918,3852.321944,3852.321944,3852.321944,0.087966801,0.547481256,41307499.56,0.014037907,0.014866103,8.700987145,0.001729592,0.001729592,0.001729592,8.700987145,0.001729592,0.001729592,0.001729592,10.43378967,0.036986967,8.01e-07,"DCIS"
23.5817351,0.666808893,0.148463664,719.6712733,23.17424483,96.25993328,-0.23369441,207.0640639,0.577874009,1847.743828,1847.743828,1847.743828,0.092851742,0.522962621,29280011.52,0.012756303,0.012512145,10.31351363,0.001266782,0.001266782,0.001266782,10.31351363,0.001266782,0.001266782,0.001266782,13.45150633,0.423847332,7.08e-06,"DCIS"
19.88077089,0.662097653,0.148801212,792.8762372,27.57993499,155.5132812,-0.273547045,368.1537235,0.64107195,3638.773078,3638.773078,3638.773078,0.098601114,0.587399773,62186299.89,0.020827926,0.021110131,7.649735409,0.001186972,0.001186972,0.001186972,7.649735409,0.001186972,0.001186972,0.001186972,9.639108805,0.334923947,4.46e-06,"DCIS"
20.80975862,0.712922213,0.134552613,570.8381787,31.07589067,125.9936318,0.122422147,235.9689282,0.762817678,2684.716133,2684.716133,2684.716133,0.1027382,0.431410936,23028324.9,0.014302455,0.013991011,9.321266156,0.001342546,0.001342546,0.001342546,9.321266156,0.001342546,0.001342546,0.001342546,11.43526271,0,0,"DCIS"
21.72984861,0.671993028,0.150246958,667.4618237,26.78188169,135.1018505,-0.084008264,279.3083142,0.619481181,2972.022899,2972.022899,2972.022899,0.095451719,0.482283169,31781483,0.013259202,0.014734812,9.682027238,0.001126791,0.001126791,0.001126791,9.682027238,0.001126791,0.001126791,0.001126791,12.11875896,0.056005085,2.13e-06,"DCIS"
22.75201639,0.661996926,0.152956501,799.3284254,23.51519161,156.7088444,-0.169853912,251.2696905,0.53086086,2503.978799,2503.978799,2503.978799,0.084919632,0.511576821,39600423.04,0.014572721,0.014871645,9.933026187,0.001193582,0.001193582,0.001193582,9.933026187,0.001193582,0.001193582,0.001193582,11.82708729,0.219207197,3.35e-06,"DCIS"
24.50048478,0.679052466,0.160384764,729.6752274,22.61397069,113.7027875,-0.072733207,212.6431536,0.572813217,1817.339575,1817.339575,1817.339575,0.088978936,0.540723249,34762263.5,0.014874542,0.01528508,11.03917221,0.001252029,0.001252029,0.001252029,11.03917221,0.001252029,0.001252029,0.001252029,13.58832686,0.665921638,1.45e-05,"DCIS"
18.26620833,0.698930147,0.140465418,949.8801312,24.79638998,174.3751823,-0.083433432,354.6665274,0.771836457,1903.127939,1903.127939,1903.127939,0.090880603,0.358523536,30731304.42,0.01338483,0.01394952,5.734247912,0.001750263,0.001750263,0.001750263,5.734247912,0.001750263,0.001750263,0.001750263,7.05545102,0.046827703,6.19e-07,"DCIS"
21.59824181,0.671554156,0.154336101,812.5322838,26.64551014,158.4025026,-0.014960831,337.8208917,0.855899358,2757.169786,2757.169786,2757.169786,0.100823701,0.437627442,30874329.86,0.015013129,0.016534228,9.23940699,0.001522054,0.001522054,0.001522054,9.23940699,0.001522054,0.001522054,0.001522054,11.36132064,0.108835768,1.45e-06,"DCIS"
23.44465995,0.633129032,0.159974433,773.1638626,32.26708624,119.737116,-0.251398237,360.300389,0.748112128,3485.556451,3485.556451,3485.556451,0.095811825,0.589499878,40899936.15,0.014209516,0.014469911,10.27731178,0.001177621,0.001177621,0.001177621,10.27731178,0.001177621,0.001177621,0.001177621,13.64412941,0.058827187,-4.18e-08,"DCIS"
20.66027337,0.626372781,0.166830602,887.6199555,28.5304826,198.9769558,-0.242592208,403.6731645,0.615127899,2918.626214,2918.626214,2918.626214,0.09247294,0.481958057,39161099.5,0.015977283,0.016424615,8.355209027,0.001530459,0.001530459,0.001530459,8.355209027,0.001530459,0.001530459,0.001530459,10.49669364,0.028371554,5.06e-07,"DCIS"
21.65764906,0.673456559,0.146815094,677.0806149,25.17637451,116.107991,-0.217844217,307.011215,0.516764146,2772.247906,2772.247906,2772.247906,0.098941895,0.5852716,39427269.04,0.017901891,0.017743162,9.813853145,0.000993585,0.000993585,0.000993585,9.813853145,0.000993585,0.000993585,0.000993585,13.07569887,0.376696053,8.32e-06,"DCIS"
22.1759463,0.672440741,0.164074403,705.9865531,28.03181641,144.8756653,-0.066233629,278.5634176,0.66138032,2669.712818,2669.712818,2669.712818,0.100204482,0.524073632,25356577.96,0.016380417,0.01671812,10.83200605,0.001254463,0.001254463,0.001254463,10.83200605,0.001254463,0.001254463,0.001254463,13.15577425,0.029558616,-1.92e-08,"DCIS"
23.72434573,0.650150138,0.167398202,774.7831319,26.96961244,111.9421116,-0.325116343,245.9207385,0.485092749,1690.665383,1690.665383,1690.665383,0.101650027,0.583114887,30644449.09,0.014297511,0.015528003,11.06451517,0.001659235,0.001659235,0.001659235,11.06451517,0.001659235,0.001659235,0.001659235,14.81430603,0.458036676,6e-06,"DCIS"
25.38884831,0.66023221,0.164234578,682.8207009,32.46263175,159.699519,0.333828259,265.5381074,1.073247954,3065.069926,3065.069926,3065.069926,0.102305319,0.558377777,29356341.08,0.018326895,0.01861998,13.46691835,0.001484486,0.001484486,0.001484486,13.46691835,0.001484486,0.001484486,0.001484486,18.5972116,0,0,"DCIS"
22.90000265,0.664994709,0.150887753,958.126963,24.29130351,152.166657,-0.30723705,486.1944008,0.692175535,3591.350477,3591.350477,3591.350477,0.099705006,0.584484314,58830776.09,0.017599999,0.018766065,10.42722058,0.001193948,0.001193948,0.001193948,10.42722058,0.001193948,0.001193948,0.001193948,12.94468212,1.111519259,2.93e-05,"DCIS"
22.23078253,0.593023173,0.178642014,1000.721916,26.3601138,203.8971932,0.245420174,540.2913735,1.162110038,4435.777545,4435.777545,4435.777545,0.086627804,0.569641891,58099829.72,0.016300147,0.016311457,10.24025032,0.001384207,0.001384207,0.001384207,10.24025032,0.001384207,0.001384207,0.001384207,13.97607229,0.243518408,2.38e-06,"DCIS"
23.87396714,0.684981429,0.164361516,917.3199391,28.44276804,520.1800536,0.132450055,448.1572783,0.815188286,3387.678815,3387.678815,3387.678815,0.082774085,0.490812349,41574242.89,0.014999194,0.014838111,10.69822544,0.001594903,0.001594903,0.001594903,10.69822544,0.001594903,0.001594903,0.001594903,13.31892951,0.009217386,2.1e-07,"DCIS"
23.80726235,0.614182099,0.17547802,680.9816432,32.46482949,146.9805753,-0.058513926,259.661535,0.766863733,2488.546261,2488.546261,2488.546261,0.103910752,0.561903815,26587188.97,0.015790146,0.016021824,13.40942298,0.001645143,0.001645143,0.001645143,13.40942298,0.001645143,0.001645143,0.001645143,17.42013335,0.032829475,-2.41e-08,"DCIS"
22.13059879,0.671799396,0.140131156,967.7569548,23.30216231,136.889921,-0.068012537,231.3794928,0.708904805,1823.900745,1823.900745,1823.900745,0.086578985,0.53080234,38179769.54,0.012248878,0.01250547,8.63214232,0.001041427,0.001041427,0.001041427,8.63214232,0.001041427,0.001041427,0.001041427,10.61087589,0.815367796,1.06e-05,"DCIS"
22.52919062,0.643981651,0.15241255,855.1365034,25.52464865,125.0999559,-0.226594936,304.8226027,0.579898375,3137.093936,3137.093936,3137.093936,0.093363719,0.606309974,42113849.47,0.015252071,0.01561148,9.976475553,0.001248937,0.001248937,0.001248937,9.976475553,0.001248937,0.001248937,0.001248937,12.0806646,0.63802541,1.43e-05,"DCIS"
23.30343486,0.649838028,0.158026325,927.0392324,20.91955783,104.594399,-0.514245507,337.0726968,0.510160489,2028.520488,2028.520488,2028.520488,0.099382135,0.542275016,39816655.23,0.016158593,0.018025246,10.08756847,0.001297173,0.001297173,0.001297173,10.08756847,0.001297173,0.001297173,0.001297173,11.74175748,0.337996831,4.04e-06,"DCIS"
21.27869001,0.675384201,0.140388659,856.8002507,23.31060419,182.2845528,-0.361991689,307.3423265,0.416271108,2402.933161,2402.933161,2402.933161,0.073590417,0.58002304,37991877.29,0.015925283,0.016349908,7.438958801,0.000869173,0.000869173,0.000869173,7.438958801,0.000869173,0.000869173,0.000869173,9.591185294,0.109191607,2.48e-06,"DCIS"
20.57931639,0.607677049,0.195111561,963.2517736,27.66409592,256.936573,0.017647728,440.2465753,0.786837032,3224.184916,3224.184916,3224.184916,0.089207628,0.555421759,44258532.05,0.018913288,0.019567055,8.69355605,0.001409815,0.001409815,0.001409815,8.69355605,0.001409815,0.001409815,0.001409815,10.85969193,0.129017587,1.07e-06,"DCIS"
21.4278742,0.654995736,0.162905287,776.5175231,25.65912278,135.2581272,-0.344115137,311.1786093,0.460380746,2526.233614,2526.233614,2526.233614,0.083527097,0.569942899,39704264.9,0.013771983,0.014091677,8.111524466,0.001388532,0.001388532,0.001388532,8.111524466,0.001388532,0.001388532,0.001388532,10.20547246,0.624588568,1.5e-05,"DCIS"
20.89603085,0.665868895,0.158624421,966.4056817,24.82475737,186.776764,-0.083836907,325.6173582,0.740703208,1947.441529,1947.441529,1947.441529,0.096025533,0.496392471,32649763.48,0.01623259,0.016319111,8.522284356,0.00230545,0.00230545,0.00230545,8.522284356,0.00230545,0.00230545,0.00230545,10.42137601,0.295684046,1.75e-06,"DCIS"
20.91634259,0.675155864,0.147660861,936.2162969,22.47415165,156.1061282,-0.242588554,265.9463691,0.605782794,1833.737851,1833.737851,1833.737851,0.090763084,0.446671894,27862728.05,0.012723574,0.012962849,7.777271762,0.001119999,0.001119999,0.001119999,7.777271762,0.001119999,0.001119999,0.001119999,9.357508114,0.093344359,1.08e-06,"UDH"
23.56800306,0.640257274,0.161687083,818.1926184,27.00676401,559.7792997,0.180396999,451.3992612,0.842676526,3747.620172,3747.620172,3747.620172,0.097642895,0.537860205,35257464.16,0.015643118,0.01671453,11.29758995,0.001328069,0.001328069,0.001328069,11.29758995,0.001328069,0.001328069,0.001328069,14.54759994,0.034373129,3.83e-10,"DCIS"
22.24301065,0.668371964,0.151073748,794.6139912,26.53807122,295.1372577,0.097334654,356.0177131,0.75020414,2656.447168,2656.447168,2656.447168,0.096525758,0.493702193,30118052.02,0.013282909,0.0138724,10.25098419,0.001057101,0.001057101,0.001057101,10.25098419,0.001057101,0.001057101,0.001057101,12.63748987,0.169441407,1.3e-06,"DCIS"
22.12596087,0.64838744,0.153662481,881.5432756,23.43593878,103.085719,-0.227985343,248.311434,0.660085162,1814.473883,1814.473883,1814.473883,0.096644511,0.559880082,38355417.65,0.015782781,0.015899258,9.240065527,0.001096101,0.001096101,0.001096101,9.240065527,0.001096101,0.001096101,0.001096101,11.41553826,0.532800284,1e-05,"DCIS"
20.68877808,0.679427945,0.151757751,763.9733238,24.44803076,148.1781432,-0.029999536,309.1766548,0.718500862,3093.62302,3093.62302,3093.62302,0.097647574,0.480884498,33182022.1,0.015872543,0.017129514,8.614047655,0.001087313,0.001087313,0.001087313,8.614047655,0.001087313,0.001087313,0.001087313,11.38633449,0.19079905,1.97e-06,"DCIS"
21.93428383,0.643640924,0.164476389,745.958299,25.37154193,126.1732825,-0.244605344,298.2127405,0.604583927,2598.291936,2598.291936,2598.291936,0.094832027,0.449933067,29199131.75,0.013969995,0.014225764,9.566662424,0.001013449,0.001013449,0.001013449,9.566662424,0.001013449,0.001013449,0.001013449,12.29971808,0.08701747,6.12e-07,"DCIS"
19.75782902,0.665165972,0.14691197,823.9590091,28.55290015,167.1161955,-0.239022841,328.4521332,0.574868671,3603.424275,3603.424275,3603.424275,0.09645436,0.615786141,39964141.64,0.020407231,0.020598044,7.808171757,0.001055767,0.001055767,0.001055767,7.808171757,0.001055767,0.001055767,0.001055767,10.56776653,0.025580326,3.54e-07,"DCIS"
21.76809046,0.699573444,0.142342379,605.7029803,31.64598323,161.4580884,0.086788037,380.5152278,0.768346563,3430.619836,3430.619836,3430.619836,0.098508887,0.455481394,31999337.16,0.014919297,0.015309745,9.17661857,0.001115259,0.001115259,0.001115259,9.17661857,0.001115259,0.001115259,0.001115259,12.49561234,0.027218645,7.28e-07,"DCIS"
22.65273308,0.674473684,0.173839432,764.5067359,24.42785834,180.7080409,0.058424115,325.4127095,0.905862089,1964.286797,1964.286797,1964.286797,0.097123321,0.473641322,25766440.43,0.013947016,0.014411162,9.924303667,0.001511776,0.001511776,0.001511776,9.924303667,0.001511776,0.001511776,0.001511776,12.43693662,0.085760454,1.64e-07,"DCIS"
22.66721197,0.694472617,0.159581336,667.0619186,27.29630924,151.9683474,-0.116505155,280.1515306,0.586365765,2601.261468,2601.261468,2601.261468,0.092231861,0.459509915,34308949.18,0.013259251,0.013977484,9.565771292,0.001294528,0.001294528,0.001294528,9.565771292,0.001294528,0.001294528,0.001294528,12.7073986,0.139576948,4.8e-06,"DCIS"
23.90682489,0.665003304,0.145901565,894.2891634,24.95567761,156.2953018,-0.2717709,258.4842542,0.385379118,3090.172407,3090.172407,3090.172407,0.0766847,0.539862604,30114313.17,0.011709556,0.011184262,9.471507643,0.000935485,0.000935485,0.000935485,9.471507643,0.000935485,0.000935485,0.000935485,11.68293225,0,0,"DCIS"
19.65299427,0.710688535,0.144276637,734.3846364,21.78498123,104.5597326,-0.246814827,215.7949805,0.56328389,1609.833288,1609.833288,1609.833288,0.097068526,0.413359824,26947006.15,0.013939104,0.014833749,7.34457889,0.001657703,0.001657703,0.001657703,7.34457889,0.001657703,0.001657703,0.001657703,10.02830327,1.616345242,2.2e-05,"DCIS"
19.20836966,0.644658239,0.155400889,770.5931943,23.85743894,155.46886,-0.238920203,321.2793099,0.602659665,2542.593634,2542.593634,2542.593634,0.096529978,0.493335488,31572176.66,0.0162948,0.017124935,7.704950699,0.001145077,0.001145077,0.001145077,7.704950699,0.001145077,0.001145077,0.001145077,10.10829824,0.194187799,2.56e-06,"UDH"
17.41612263,0.666219937,0.15265998,751.7379184,19.16066675,118.7073294,-0.148651221,186.5202113,0.67341585,1315.559647,1315.559647,1315.559647,0.091839082,0.357928589,25011087.74,0.011784636,0.012324216,6.202256086,0.001406366,0.001406366,0.001406366,6.202256086,0.001406366,0.001406366,0.001406366,8.412136236,1.698013422,1.35e-05,"UDH"
20.48396527,0.658250362,0.14551651,721.5996344,25.5877035,128.0055306,-0.269332611,268.4650415,0.519059786,2897.207917,2897.207917,2897.207917,0.098334817,0.507747821,30190833.58,0.017516308,0.017950893,8.73341222,0.000908574,0.000908574,0.000908574,8.73341222,0.000908574,0.000908574,0.000908574,10.91287006,0.0584364,7.26e-07,"UDH"
21.72021134,0.637135309,0.156674871,921.6621656,23.99478705,141.0257755,-0.192161551,269.0976073,0.612339929,2226.457775,2226.457775,2226.457775,0.096832646,0.459203309,31507391.98,0.01295455,0.013749417,9.282224173,0.001270017,0.001270017,0.001270017,9.282224173,0.001270017,0.001270017,0.001270017,11.04736119,0.209957326,2.24e-06,"DCIS"
24.33978165,0.663344954,0.155598729,1094.754655,21.6405981,104.0295317,-0.114247173,243.3793047,0.807102321,1602.096218,1602.096218,1602.096218,0.105205737,0.663256283,47721804.25,0.015191234,0.015426356,10.41821363,0.001384574,0.001384574,0.001384574,10.41821363,0.001384574,0.001384574,0.001384574,13.88617346,2.706874867,5.55e-05,"DCIS"
22.45253964,0.667460361,0.146890555,811.8601925,25.54355879,125.9137998,-0.190581087,283.1295764,0.596701079,2821.695771,2821.695771,2821.695771,0.097719955,0.483183176,29913031.88,0.013993665,0.014735399,9.895063324,0.000913975,0.000913975,0.000913975,9.895063324,0.000913975,0.000913975,0.000913975,12.29720237,0.07813501,4.11e-07,"DCIS"
22.33310623,0.685286761,0.145470263,645.2080779,26.52967034,115.9560784,0.1141996,300.3299003,0.766339556,3887.100428,3887.100428,3887.100428,0.095803341,0.515837107,28361725.05,0.015460252,0.015722224,9.707301188,0.00069876,0.00069876,0.00069876,9.707301188,0.00069876,0.00069876,0.00069876,14.81054354,0.046408125,4.63e-07,"DCIS"
21.21125714,0.648157983,0.160298675,1044.983473,23.88632927,148.3494928,0.014897616,316.6668604,0.860856316,2142.803681,2142.803681,2142.803681,0.09786584,0.50942988,30304585.37,0.015075653,0.015051255,8.73713271,0.001275404,0.001275404,0.001275404,8.73713271,0.001275404,0.001275404,0.001275404,11.16621731,0.623063973,4.5e-06,"DCIS"
22.38621465,0.700362468,0.142245893,643.8298313,28.11213765,127.232489,0.176087011,243.2132826,0.88480923,2603.734662,2603.734662,2603.734662,0.097188626,0.432937428,23044068.86,0.011824858,0.012444664,9.933993604,0.001138036,0.001138036,0.001138036,9.933993604,0.001138036,0.001138036,0.001138036,12.49190713,0,0,"DCIS"
21.39453738,0.66223223,0.148750057,785.6799686,23.45551875,113.5761959,-0.293393795,248.4334609,0.519127764,2215.042244,2215.042244,2215.042244,0.099816437,0.491022527,32365890.43,0.014290509,0.014457809,9.039500594,0.001023449,0.001023449,0.001023449,9.039500594,0.001023449,0.001023449,0.001023449,10.96372936,0.440279185,6.48e-06,"UDH"
22.53039041,0.666078082,0.149751346,1063.193092,23.53759551,561.9501084,-0.18982809,419.9576833,0.752906573,3109.615054,3109.615054,3109.615054,0.095568471,0.507988826,26189652.61,0.013883098,0.013393994,9.627251429,0.001023474,0.001023474,0.001023474,9.627251429,0.001023474,0.001023474,0.001023474,11.20704904,0.093456374,-4.06e-08,"UDH"
19.6151375,0.681832292,0.150864965,929.9216812,20.36160424,150.3258611,-0.256591866,285.8062559,0.556140754,1984.689603,1984.689603,1984.689603,0.083901366,0.409329732,29562118.15,0.013019763,0.013521801,6.859244473,0.001027047,0.001027047,0.001027047,6.859244473,0.001027047,0.001027047,0.001027047,7.750942096,0.071902503,3.94e-07,"UDH"
20.92996099,0.67785461,0.148342695,898.2218121,16.92117285,104.3542077,-0.373020152,222.0603679,0.456965039,1797.797738,1797.797738,1797.797738,0.087056109,0.449824714,22307771.79,0.009992105,0.010977754,7.751395319,0.000956419,0.000956419,0.000956419,7.751395319,0.000956419,0.000956419,0.000956419,9.402763369,0.192726064,4.56e-06,"UDH"
22.18338558,0.664300157,0.153314522,958.2264445,21.95898193,147.6967581,-0.049771981,280.9565794,0.650701565,2659.942114,2659.942114,2659.942114,0.091854905,0.494274299,35246519.38,0.011838119,0.011363211,9.227540031,0.000809297,0.000809297,0.000809297,9.227540031,0.000809297,0.000809297,0.000809297,11.06580455,0.002718195,1.14e-07,"UDH"
19.58603235,0.65332409,0.150481065,653.7075177,25.04174479,148.7176927,-0.196081305,319.7434382,0.592393767,2962.237202,2962.237202,2962.237202,0.096036605,0.454907651,35898275.63,0.015519669,0.016179165,8.18758941,0.001082203,0.001082203,0.001082203,8.18758941,0.001082203,0.001082203,0.001082203,10.40702874,0.222788538,5.05e-06,"UDH"
23.09720537,0.689776072,0.138599363,1128.877122,21.11043403,93.51132832,-0.448923657,278.3715758,0.537974654,2279.29867,2279.29867,2279.29867,0.104440193,0.505757357,37058035.42,0.014066053,0.014222611,8.431565775,0.001031491,0.001031491,0.001031491,8.431565775,0.001031491,0.001031491,0.001031491,10.68722177,2.112584516,4.3e-05,"UDH"
17.85152124,0.665598039,0.164981332,982.1688543,24.29811845,207.15863,-0.03110647,351.9302288,0.690250091,2009.756199,2009.756199,2009.756199,0.079425909,0.368818106,29231896.52,0.012242888,0.012452194,5.694833241,0.001468556,0.001468556,0.001468556,5.694833241,0.001468556,0.001468556,0.001468556,6.58498982,0.115980491,6.15e-07,"UDH"
21.45791847,0.65230782,0.157598205,774.4777883,25.9960858,153.5858801,-0.218575481,338.6330283,0.630393612,3702.371959,3702.371959,3702.371959,0.099977335,0.526812063,28883850.78,0.016522726,0.016999376,8.919310283,0.001008756,0.001008756,0.001008756,8.919310283,0.001008756,0.001008756,0.001008756,12.24754166,0,0,"UDH"
19.66169647,0.660024255,0.147758115,1126.085851,20.41572333,129.1332072,-0.220972651,239.5919742,0.849710317,1460.197392,1460.197392,1460.197392,0.097580408,0.481536927,33602456.68,0.014437028,0.014702392,6.779827206,0.001385128,0.001385128,0.001385128,6.779827206,0.001385128,0.001385128,0.001385128,8.42099688,3.042153363,4.81e-05,"UDH"
19.89488977,0.655376081,0.155059083,935.9948381,21.59166961,141.0186306,-0.287825076,360.1854842,0.593988242,2284.99845,2284.99845,2284.99845,0.095045137,0.455243568,37796468.92,0.013657852,0.014759206,7.536714319,0.001172123,0.001172123,0.001172123,7.536714319,0.001172123,0.001172123,0.001172123,9.688209286,0.525007765,4.6e-06,"UDH"
18.3170543,0.627893665,0.163278133,818.2537848,23.50414274,207.9776053,-0.285564377,334.2521369,0.577918391,2201.08257,2201.08257,2201.08257,0.092871768,0.425064732,29112116.45,0.01499037,0.015880465,6.862362188,0.001318807,0.001318807,0.001318807,6.862362188,0.001318807,0.001318807,0.001318807,8.568411281,0.039052268,7.13e-08,"UDH"
25.95740525,0.694769554,0.133193918,1077.133343,21.30880287,186.054895,0.113415357,520.122653,0.779322062,4476.903977,4476.903977,4476.903977,0.082871975,0.62310617,58735564.65,0.016161347,0.01665207,9.108889395,0.000489773,0.000489773,0.000489773,9.108889395,0.000489773,0.000489773,0.000489773,10.19699591,5.938031901,0.000421064,"UDH"
22.0770655,0.693072417,0.134369879,746.3145103,20.21979338,113.0688405,-0.26376866,338.4029432,0.614620777,2968.50572,2968.50572,2968.50572,0.098133327,0.559493065,35619069.78,0.017148494,0.017469424,7.902852975,0.000852187,0.000852187,0.000852187,7.902852975,0.000852187,0.000852187,0.000852187,12.16281124,3.115959992,0.000251527,"UDH"
24.67197926,0.709002183,0.131327366,913.322742,24.05666789,100.0486919,-0.095417358,788.8187565,0.949473172,3392.076903,3392.076903,3392.076903,0.097897903,0.533383969,36923564.94,0.013561379,0.013511722,9.206786564,0.00099923,0.00099923,0.00099923,9.206786564,0.00099923,0.00099923,0.00099923,19.17408511,0.71107525,0.000168368,"DCIS"
24.6337293,0.700303344,0.137178278,882.4563839,21.93677936,148.924716,0.104623058,268.3710684,1.031055456,1873.637125,1873.637125,1873.637125,0.092602817,0.86608955,69909676.19,0.019958919,0.020462787,9.434715235,0.000920442,0.000920442,0.000920442,9.434715235,0.000920442,0.000920442,0.000920442,13.53672804,3.329205117,0.000207857,"DCIS"
25.45866509,0.708277402,0.134668107,937.1312712,21.62945302,175.1349188,0.141268901,347.4892652,0.935401798,2230.640464,2230.640464,2230.640464,0.09578728,0.827519025,59921722.94,0.023138564,0.024636829,10.13404002,0.000899815,0.000899815,0.000899815,10.13404002,0.000899815,0.000899815,0.000899815,14.44406635,3.2958646,0.000272028,"DCIS"
21.95940637,0.693869852,0.140639536,550.1173477,24.81280455,99.72252763,-0.146120214,224.8121905,0.801065001,3726.717105,3726.717105,3726.717105,0.102567668,0.51503263,26670676.01,0.014621907,0.015592102,9.241734716,0.001073794,0.001073794,0.001073794,9.241734716,0.001073794,0.001073794,0.001073794,17.8198904,0.394634177,9.83e-05,"DCIS"
21.72875545,0.731581043,0.137153506,413.8394295,20.54291472,111.4238826,0.050634329,122.2828728,0.67606959,2058.096521,2058.096521,2058.096521,0.092884807,0.493564592,25591841.66,0.014533932,0.015276359,9.450157831,0.001395936,0.001395936,0.001395936,9.450157831,0.001395936,0.001395936,0.001395936,16.60287262,2.951541878,0.000142422,"DCIS"
22.45873747,0.737317757,0.129770078,544.767367,18.42194369,118.532758,0.349088993,207.9508947,0.898633564,2232.096702,2232.096702,2232.096702,0.090612011,0.438209205,24201491.78,0.012758989,0.013812046,9.265497153,0.000957411,0.000957411,0.000957411,9.265497153,0.000957411,0.000957411,0.000957411,11.89657382,3.799535935,0.000199874,"DCIS"
21.12416789,0.725171964,0.141107143,952.664824,22.0047362,183.5026588,0.3110399,358.8291693,1.176832057,2375.9386,2375.9386,2375.9386,0.081764467,0.575552055,61353007.65,0.014990896,0.015388733,6.779778533,0.001315823,0.001315823,0.001315823,6.779778533,0.001315823,0.001315823,0.001315823,8.185737844,3.443200895,0.000349221,"DCIS"
20.10956546,0.702264685,0.163789103,702.2476857,22.37692424,153.2858149,0.148806764,294.7852911,0.881836298,2481.984446,2481.984446,2481.984446,0.086244427,0.525232636,43332713.15,0.0192894,0.019409642,6.934057629,0.001101518,0.001101518,0.001101518,6.934057629,0.001101518,0.001101518,0.001101518,9.496564919,2.76132969,0.000208555,"DCIS"
22.01607302,0.68922761,0.138181743,829.890237,27.73383641,215.4895442,0.196357846,428.0526413,0.912047129,2178.960529,2178.960529,2178.960529,0.085850966,0.671416465,52540031.16,0.014115905,0.018850596,7.866311462,0.000766552,0.000766552,0.000766552,7.866311462,0.000766552,0.000766552,0.000766552,10.50389041,3.47348797,0.000287978,"DCIS"
23.79449413,0.692717282,0.144883061,933.8951664,23.22233338,171.0471573,0.280994262,379.7399747,0.989545253,3088.513305,3088.513305,3088.513305,0.087009129,0.550626735,42235827.16,0.014313579,0.01650344,8.974350824,0.000853047,0.000853047,0.000853047,8.974350824,0.000853047,0.000853047,0.000853047,10.2261824,5.413849405,0.000315663,"UDH"
21.1009331,0.694848276,0.140034824,828.8021837,22.54396976,128.8389776,0.163673027,287.7680338,1.289817792,2089.391406,2089.391406,2089.391406,0.09833483,0.443349909,26159442.61,0.014057436,0.013948786,7.893449883,0.001187037,0.001187037,0.001187037,7.893449883,0.001187037,0.001187037,0.001187037,10.6629176,3.194663043,0.000257193,"DCIS"
20.77790757,0.653212324,0.154883961,868.9051291,22.77645501,145.7186044,-0.300285653,305.7102598,0.618733297,2859.221197,2859.221197,2859.221197,0.095848205,0.483307985,37460250,0.014770456,0.014778456,7.715078211,0.001090643,0.001090643,0.001090643,7.715078211,0.001090643,0.001090643,0.001090643,10.19674665,3.893125823,0.000293247,"UDH"
19.85622624,0.650696281,0.152118201,688.0067211,23.70524248,154.4497857,-0.053031595,313.9455073,0.744655233,2514.155454,2514.155454,2514.155454,0.100144451,0.411455797,32179404.68,0.015187484,0.015853873,8.062310229,0.001234985,0.001234985,0.001234985,8.062310229,0.001234985,0.001234985,0.001234985,9.889038888,4.338853071,0.00033726,"UDH"
24.12498064,0.697154882,0.13639677,1070.189427,27.84873336,154.5357536,-0.141983806,494.9188053,0.573373686,4106.818679,4106.818679,4106.818679,0.081937745,0.579699292,55258802.92,0.011663661,0.0124528,8.147458281,0.000910858,0.000910858,0.000910858,8.147458281,0.000910858,0.000910858,0.000910858,9.293653844,5.125000226,0.000351243,"UDH"
22.05302938,0.679541475,0.143847452,780.9463474,18.68167828,129.4915553,-0.263329823,242.6188386,0.546765871,2367.540785,2367.540785,2367.540785,0.092826643,0.537530519,33024381.79,0.016643564,0.017108961,8.506439115,0.001012255,0.001012255,0.001012255,8.506439115,0.001012255,0.001012255,0.001012255,11.51796523,3.091563804,0.000279319,"UDH"
23.97786073,0.688025685,0.13833938,1596.366891,27.05351619,254.0066415,-0.257402425,658.5272844,0.720274122,3655.353465,3655.353465,3655.353465,0.07495901,0.643638823,77521613.02,0.01644665,0.016505134,7.064776869,0.00082695,0.00082695,0.00082695,7.064776869,0.00082695,0.00082695,0.00082695,7.963248606,4.193711476,0.000312687,"UDH"
23.87661875,0.659824612,0.145038119,1380.881664,24.62208661,188.6599135,-0.294179613,733.3691483,0.725144671,3435.150508,3435.150508,3435.150508,0.092082006,0.617217864,58283887.18,0.014246912,0.015232747,7.43402812,0.00069805,0.00069805,0.00069805,7.43402812,0.00069805,0.00069805,0.00069805,7.224962889,3.865523643,0.00038131,"UDH"
22.55597195,0.680524887,0.141847244,1120.942417,20.84444675,217.0974982,-0.109936248,459.6279592,0.674913784,3318.898103,3318.898103,3318.898103,0.079357214,0.593014649,53538143.98,0.016121223,0.016620268,7.42717856,0.000738763,0.000738763,0.000738763,7.42717856,0.000738763,0.000738763,0.000738763,7.454892489,5.171486047,0.00031025,"UDH"
24.46498724,0.693816587,0.147542391,829.2437974,16.19276126,114.3386714,1.100588315,292.7855895,1.775729124,1771.552035,1771.552035,1771.552035,0.071862263,0.726243888,90998746.39,0.011914457,0.011906659,8.746569648,0.000858674,0.000858674,0.000858674,8.746569648,0.000858674,0.000858674,0.000858674,13.66565982,2.486879228,0.000254559,"DCIS"
25.84820351,0.655470175,0.147126167,1290.137088,15.3489471,223.0769726,-0.187896141,457.5563113,0.504405263,2413.707731,2413.707731,2413.707731,0.057715468,1.050592425,238485135.7,0.014999244,0.014489094,8.461581866,0.000770778,0.000770778,0.000770778,8.461581866,0.000770778,0.000770778,0.000770778,9.235899718,4.018542267,0.000404619,"DCIS"
24.65577273,0.693600791,0.142471323,1203.25602,20.21885913,167.2361674,-0.253855151,352.957235,0.566866763,2305.668349,2305.668349,2305.668349,0.063768468,0.791555821,167535722.6,0.012901471,0.012466109,7.533179583,0.001231488,0.001231488,0.001231488,7.533179583,0.001231488,0.001231488,0.001231488,8.431892738,2.95206488,0.000494535,"DCIS"
31.72099486,0.714431877,0.141472844,1599.356625,16.37162616,168.4241888,-0.154562067,732.6031626,0.457090425,3863.788739,3863.788739,3863.788739,0.061079532,1.022854816,394083641.6,0.011441868,0.011360661,9.724653953,0.000533584,0.000533584,0.000533584,9.724653953,0.000533584,0.000533584,0.000533584,10.83033876,6.094023618,0.000389505,"DCIS"
29.932928,0.716632,0.137816793,1756.19535,17.16644999,202.4179265,-0.125800261,711.568686,0.438654831,3124.980562,3124.980562,3124.980562,0.057969143,0.911042399,317660855.7,0.011766301,0.011524331,8.33076238,0.000577945,0.000577945,0.000577945,8.33076238,0.000577945,0.000577945,0.000577945,9.023697781,6.835346176,0.000392831,"DCIS"
22.39182111,0.627064516,0.164544564,1496.192086,18.81513422,684.0698335,-0.403539743,1010.590031,0.585772771,3389.431406,3389.431406,3389.431406,0.069069524,1.07088631,499375388,0.016897668,0.016913111,6.588564838,0.003872972,0.003872972,0.003872972,6.588564838,0.003872972,0.003872972,0.003872972,8.071747434,2.194809765,0.000340644,"DCIS"
27.6058777,0.673441247,0.149230195,1604.776304,21.63680036,166.1451232,-0.105552063,493.7374127,0.609033377,2578.171151,2578.171151,2578.171151,0.064908663,1.017022796,215488342.5,0.014256926,0.013988029,8.51198215,0.000905362,0.000905362,0.000905362,8.51198215,0.000905362,0.000905362,0.000905362,9.873788068,2.892971607,0.00044491,"DCIS"
20.96194314,0.621006689,0.149998143,1593.520372,19.99417106,215.2240304,-0.031142869,499.5050882,0.787575168,3060.326884,3060.326884,3060.326884,0.061913007,0.88922404,193525236.6,0.0172836,0.015489773,5.831152872,0.001269647,0.001269647,0.001269647,5.831152872,0.001269647,0.001269647,0.001269647,6.003588378,3.87330807,0.000227684,"DCIS"
25.74349903,0.681440546,0.135807527,1732.848668,17.00202096,187.2354874,-0.210271024,496.4759813,0.458929852,2688.726735,2688.726735,2688.726735,0.054727306,0.926598795,273634112.2,0.010115904,0.010083322,7.042353555,0.000652134,0.000652134,0.000652134,7.042353555,0.000652134,0.000652134,0.000652134,8.099203262,2.635224055,0.000451619,"DCIS"
21.764715,0.6270825,0.16356828,1391.011832,20.71915574,182.858981,-0.209322053,415.9473293,0.576778248,3028.663174,3028.663174,3028.663174,0.070664425,0.883316528,194218784.5,0.018818193,0.017873109,6.392755013,0.000982465,0.000982465,0.000982465,6.392755013,0.000982465,0.000982465,0.000982465,6.716234311,3.994218239,0.000372399,"DCIS"
26.5686931,0.662924138,0.170082418,1698.083721,18.54037848,202.8361823,-0.076566896,507.5454531,0.558055278,3221.922781,3221.922781,3221.922781,0.057635998,1.307601587,310003560.2,0.013518633,0.013048807,8.015450348,0.000688429,0.000688429,0.000688429,8.015450348,0.000688429,0.000688429,0.000688429,8.303296899,3.830208233,0.000432022,"DCIS"
24.12859423,0.685605769,0.141936838,1519.062915,14.08430901,180.1207947,0.033693227,439.2169693,0.602113927,1752.387072,1752.387072,1752.387072,0.05922072,0.89134704,175751815.5,0.011581924,0.01147185,6.726301313,0.000692647,0.000692647,0.000692647,6.726301313,0.000692647,0.000692647,0.000692647,7.73582,2.722296544,0.000341874,"DCIS"
24.3165506,0.644931548,0.152905194,1140.037099,23.12091818,163.3412621,-0.053046459,581.5752123,0.683079207,3656.618678,3656.618678,3656.618678,0.069610331,1.112579126,218516127.9,0.016834916,0.016571414,8.179391171,0.000736421,0.000736421,0.000736421,8.179391171,0.000736421,0.000736421,0.000736421,9.80846048,4.174123589,0.000210607,"DCIS"
33.32632984,0.685429319,0.142669452,1866.203663,24.36734404,287.0145807,-0.119902722,747.2880203,0.58019193,4022.142911,4022.142911,4022.142911,0.060595346,0.849463043,452927795.7,0.01509495,0.014956615,10.98924684,0.002052398,0.002052398,0.002052398,10.98924684,0.002052398,0.002052398,0.002052398,12.00267658,5.061200484,0.000470178,"DCIS"
24.40690713,0.688900498,0.139461923,1530.540569,18.55858604,216.4624867,-0.150576325,486.37866,0.811831803,2431.492447,2431.492447,2431.492447,0.06035993,0.870606431,249508650.1,0.015039634,0.014804361,6.492505324,0.000951784,0.000951784,0.000951784,6.492505324,0.000951784,0.000951784,0.000951784,7.982292246,2.058604124,0.00045303,"DCIS"
34.06698311,0.761128378,0.118805911,794.3388576,22.76417153,95.35669032,-0.24566167,250.9719985,0.692642557,2854.001189,2854.001189,2854.001189,0.088949282,0.736154657,84584971.28,0.016276647,0.016559723,14.41713675,0.000816586,0.000816586,0.000816586,14.41713675,0.000816586,0.000816586,0.000816586,17.52142264,5.471291329,0.000313908,"DCIS"
26.38500752,0.701686717,0.145657872,1124.850187,17.76741223,183.2491426,-0.231503328,340.3500453,0.510324444,2552.932172,2552.932172,2552.932172,0.065187745,0.813712672,157314391.6,0.012975922,0.012868007,8.765202753,0.001744376,0.001744376,0.001744376,8.765202753,0.001744376,0.001744376,0.001744376,8.896757854,5.817765915,0.000429085,"DCIS"
26.041104,0.66396,0.143190174,1117.93,17.66415733,168.9597909,0.17525351,480.3031767,0.769168088,2313.506124,2313.506124,2313.506124,0.080293535,0.749754651,169010265.4,0.021352788,0.0213387,9.26182621,0.001415421,0.001415421,0.001415421,9.26182621,0.001415421,0.001415421,0.001415421,11.26055839,4.575645236,0.000223935,"DCIS"
22.9763727,0.685721785,0.136149942,1461.244929,17.10483161,174.2437707,-0.146504947,587.6038481,0.703983135,3092.805051,3092.805051,3092.805051,0.062287195,0.891738124,261333936.3,0.01365522,0.012744517,6.186552963,0.001154581,0.001154581,0.001154581,6.186552963,0.001154581,0.001154581,0.001154581,6.691847566,4.704904467,0.000310951,"DCIS"
23.69643505,0.680721649,0.137283183,1473.237158,19.35586139,212.0699547,-0.144187397,532.9526639,0.658534304,2943.173105,2943.173105,2943.173105,0.065411191,0.863942713,231090998.1,0.015808228,0.014607419,7.098160373,0.001272011,0.001272011,0.001272011,7.098160373,0.001272011,0.001272011,0.001272011,7.305661888,5.09272918,0.000327511,"DCIS"
22.69268431,0.67609854,0.138126182,1720.611557,18.91309139,242.7492921,-0.164826837,479.2313823,0.562483435,2603.577616,2603.577616,2603.577616,0.055150568,0.913382578,240153332.4,0.011813114,0.011363003,6.048803493,0.000777877,0.000777877,0.000777877,6.048803493,0.000777877,0.000777877,0.000777877,6.390767371,3.487082086,0.000416192,"UDH"
22.17181013,0.646869801,0.155377151,1468.632267,21.52692293,155.8989799,0.480145309,344.9787891,1.31725496,1700.131195,1700.131195,1700.131195,0.073523069,0.650425871,103152181.5,0.014174213,0.014178883,6.856517024,0.001474151,0.001474151,0.001474151,6.856517024,0.001474151,0.001474151,0.001474151,10.62794285,1.172951704,0.000275912,"UDH"
23.02389307,0.642821782,0.153569357,1142.677198,18.33847375,211.3050701,-0.324159025,359.8530644,0.48166436,2745.7126,2745.7126,2745.7126,0.067572342,0.762771844,164816233.4,0.016476159,0.016065562,7.599113135,0.001254562,0.001254562,0.001254562,7.599113135,0.001254562,0.001254562,0.001254562,8.023697361,4.885079954,0.000396137,"UDH"
20.45212694,0.656955959,0.150022511,888.1234751,15.80986722,138.1772138,-0.369192064,283.2558933,0.579529029,1630.327432,1630.327432,1630.327432,0.08221007,0.658386986,86750783.98,0.018701123,0.018407113,6.803090919,0.001210231,0.001210231,0.001210231,6.803090919,0.001210231,0.001210231,0.001210231,7.52313336,3.157757477,0.000229426,"UDH"
24.62620566,0.662032075,0.161645113,1475.598593,22.85470659,167.9131056,0.040372,478.517843,0.760907545,2872.213166,2872.213166,2872.213166,0.0643749,0.734759018,151580715.8,0.012325737,0.012322829,7.275712348,0.000813654,0.000813654,0.000813654,7.275712348,0.000813654,0.000813654,0.000813654,8.478043314,3.139921555,0.000399503,"UDH"
22.6507703,0.648768317,0.158793778,1341.627002,19.96671239,222.8583345,0.063066282,388.4581332,0.829074011,2643.63124,2643.63124,2643.63124,0.06332687,0.780122875,136565190.5,0.013423658,0.01316623,6.990470358,0.000673215,0.000673215,0.000673215,6.990470358,0.000673215,0.000673215,0.000673215,7.37510173,4.783457394,0.000379719,"UDH"
23.71303918,0.660494037,0.151286941,1334.272249,18.71792589,179.5871184,-0.152928643,447.9857653,0.592380603,2662.679929,2662.679929,2662.679929,0.06799915,0.861279817,194020556.2,0.015346859,0.015228964,7.31074211,0.00069863,0.00069863,0.00069863,7.31074211,0.00069863,0.00069863,0.00069863,7.910816192,3.976275191,0.000366779,"UDH"
22.21307379,0.671292621,0.154911342,1039.394462,21.9348407,134.4693747,-0.012662508,286.262117,1.011593727,1749.701271,1749.701271,1749.701271,0.089198179,0.723170141,78515852.14,0.020393112,0.019793313,7.567215448,0.001367285,0.001367285,0.001367285,7.567215448,0.001367285,0.001367285,0.001367285,8.486604425,2.897223631,0.000243612,"UDH"
22.65075286,0.647505721,0.15356851,1337.062813,19.29214542,157.4084795,-0.030302626,334.4709849,0.672590755,2111.458742,2111.458742,2111.458742,0.066260162,0.71914196,135958050.8,0.014537053,0.014042356,6.74735159,0.001071459,0.001071459,0.001071459,6.74735159,0.001071459,0.001071459,0.001071459,8.180081682,2.346644087,0.000337987,"UDH"
21.66801035,0.650231884,0.162697043,1478.405838,19.14495548,210.8659435,-0.033615852,526.9141224,0.715361757,2841.309863,2841.309863,2841.309863,0.062193231,0.927295509,266955970.6,0.013469523,0.012842074,6.199346792,0.000796461,0.000796461,0.000796461,6.199346792,0.000796461,0.000796461,0.000796461,6.349082625,3.906478077,0.00036405,"UDH"
24.86868476,0.656135699,0.159125107,1356.575113,20.68968485,147.4546362,-0.288706844,425.3249037,0.594081686,2431.550388,2431.550388,2431.550388,0.079765358,0.916947837,171273923.6,0.01748211,0.017055202,8.107421071,0.000878457,0.000878457,0.000878457,8.107421071,0.000878457,0.000878457,0.000878457,8.956397521,3.168561687,0.000366585,"UDH"
21.34573903,0.637489607,0.156257683,1392.182441,16.99570941,188.3144508,-0.060970339,372.6929819,0.621935022,2496.157881,2496.157881,2496.157881,0.061675292,0.813170922,143994299.2,0.012584819,0.012379031,6.217147879,0.000775521,0.000775521,0.000775521,6.217147879,0.000775521,0.000775521,0.000775521,6.589249138,4.116536994,0.000292029,"UDH"
23.95223656,0.677987097,0.144669584,1255.242353,22.25981904,147.3776496,-0.076655276,339.0686131,0.758856344,2556.340437,2556.340437,2556.340437,0.075857623,0.72219395,112015615.4,0.016580669,0.016358604,7.544702937,0.000794072,0.000794072,0.000794072,7.544702937,0.000794072,0.000794072,0.000794072,8.245869006,2.799213392,0.00039119,"UDH"
23.48027898,0.641534381,0.159394417,1700.447435,25.17743684,176.1161707,0.098295873,497.4560912,1.025188502,2765.878999,2765.878999,2765.878999,0.07475492,0.801932753,146897759.8,0.016894631,0.015291367,6.797348209,0.001072928,0.001072928,0.001072928,6.797348209,0.001072928,0.001072928,0.001072928,8.526400079,1.678480074,0.000413266,"UDH"
24.00823256,0.664218247,0.159182732,1242.979942,23.37887478,132.6749867,-0.110467314,415.6682025,0.804105492,2595.703901,2595.703901,2595.703901,0.087785548,0.734848495,102502288.3,0.016019552,0.016041736,7.898764245,0.000959694,0.000959694,0.000959694,7.898764245,0.000959694,0.000959694,0.000959694,9.819820108,3.063291846,0.000343233,"UDH"
22.60534164,0.639014235,0.161726656,1110.749046,23.29399946,183.6552321,0.394872552,543.8775931,1.207709228,2528.289272,2528.289272,2528.289272,0.091370106,0.70779206,118868736.3,0.019839472,0.019689571,7.923708143,0.000928647,0.000928647,0.000928647,7.923708143,0.000928647,0.000928647,0.000928647,9.504457589,3.12254519,0.000358702,"UDH"
25.16028409,0.674709416,0.149181033,1052.587969,19.32935184,112.4323006,-0.041624836,334.0520457,0.967487566,2338.614853,2338.614853,2338.614853,0.084844597,0.713904075,114703290.6,0.015540866,0.015439316,8.498185789,0.000805011,0.000805011,0.000805011,8.498185789,0.000805011,0.000805011,0.000805011,10.80761044,3.755655158,0.000298693,"UDH"
25.80094659,0.659127072,0.157181531,1337.583512,20.72693196,163.964868,-0.038662896,447.9022353,0.731889891,2669.266347,2669.266347,2669.266347,0.071035657,0.872830447,181926566,0.015472563,0.015279647,8.501853623,0.000719403,0.000719403,0.000719403,8.501853623,0.000719403,0.000719403,0.000719403,9.727630961,3.5141816,0.000402637,"UDH"
24.91540527,0.681130148,0.14255653,1085.333068,23.43768254,117.398473,0.104189455,339.8232707,1.035793223,2409.140175,2409.140175,2409.140175,0.0823777,0.726515317,99382071.25,0.013741337,0.014122213,8.480326959,0.000815939,0.000815939,0.000815939,8.480326959,0.000815939,0.000815939,0.000815939,10.4683243,3.219835095,0.000324367,"UDH"
21.10167103,0.631056075,0.163597228,1228.553099,21.81260506,196.1600302,0.7133428,541.4483918,1.528777233,2571.914254,2571.914254,2571.914254,0.081866851,0.634604793,117491391.1,0.016215873,0.016333436,6.970958818,0.000952476,0.000952476,0.000952476,6.970958818,0.000952476,0.000952476,0.000952476,7.603480694,3.14399772,0.000358388,"UDH"
23.58060746,0.664003552,0.146484984,1438.101982,19.0258374,170.4059467,-0.132384969,413.3734488,0.582643661,2819.377565,2819.377565,2819.377565,0.065814978,0.838948084,188023542.7,0.013969352,0.013376784,6.979929643,0.000815431,0.000815431,0.000815431,6.979929643,0.000815431,0.000815431,0.000815431,7.536400784,4.022881044,0.000414706,"UDH"
22.00078426,0.64448688,0.156672225,1218.243127,19.49304382,163.3332627,-0.255985823,354.0579163,0.57208861,2536.984817,2536.984817,2536.984817,0.077670696,0.970983669,124214990.3,0.019329198,0.018935164,6.886062258,0.001060747,0.001060747,0.001060747,6.886062258,0.001060747,0.001060747,0.001060747,7.319263196,3.741461499,0.000260441,"UDH"
23.99454126,0.654366505,0.154082479,1303.860174,20.32304114,183.1445529,-0.173933815,381.5453029,0.5571206,2657.551121,2657.551121,2657.551121,0.068540264,0.854697693,166096831.2,0.016000695,0.015912643,7.674886479,0.000991517,0.000991517,0.000991517,7.674886479,0.000991517,0.000991517,0.000991517,8.415768655,3.89294373,0.00027738,"UDH"
22.69498276,0.661070881,0.151148085,1477.3576,18.73376301,196.8629635,-0.122804041,433.7358981,0.635618237,2600.874765,2600.874765,2600.874765,0.064633784,0.820062773,173645143.9,0.015686349,0.015544447,6.588873327,0.000813833,0.000813833,0.000813833,6.588873327,0.000813833,0.000813833,0.000813833,6.72050975,4.564854763,0.000350124,"UDH"
20.33830394,0.65299768,0.15842487,1400.67807,19.41574132,183.7512401,-0.116632781,406.4931413,0.634720345,2648.787121,2648.787121,2648.787121,0.06608659,0.941019998,152927291.1,0.014956854,0.014608709,5.654005035,0.000900089,0.000900089,0.000900089,5.654005035,0.000900089,0.000900089,0.000900089,6.021577436,4.058080034,0.000294012,"UDH"
21.18686331,0.641239808,0.161848368,1361.758165,16.9076631,238.2959013,-0.110927969,400.9648242,0.611588201,2588.258525,2588.258525,2588.258525,0.066300573,0.798931587,148923446.2,0.016167587,0.015753666,6.354913617,0.000883046,0.000883046,0.000883046,6.354913617,0.000883046,0.000883046,0.000883046,6.544121189,4.79870215,0.000277687,"UDH"
21.20655368,0.663974737,0.149087574,1424.451891,16.05709934,197.807163,-0.118547475,462.5333473,0.497844245,2497.449209,2497.449209,2497.449209,0.055682067,0.84959444,192348865,0.01109678,0.011010896,5.668638721,0.000690528,0.000690528,0.000690528,5.668638721,0.000690528,0.000690528,0.000690528,6.053022836,5.141226178,0.000326309,"UDH"
24.59755422,0.670129518,0.139778045,1572.066436,24.8162806,119.2346647,-0.009698286,383.5311197,0.961396891,1987.87604,1987.87604,1987.87604,0.082066651,0.710588985,109788137.8,0.014036405,0.013547059,7.651924027,0.00096572,0.00096572,0.00096572,7.651924027,0.00096572,0.00096572,0.00096572,9.567359351,1.711738708,0.000391891,"UDH"
24.34196526,0.666628399,0.146599161,1747.923284,16.33996809,241.8913812,-0.205199547,533.5534028,0.479470764,2573.584835,2573.584835,2573.584835,0.055169221,0.997610551,302630433.2,0.01325751,0.01296923,6.761936793,0.000662966,0.000662966,0.000662966,6.761936793,0.000662966,0.000662966,0.000662966,7.105435653,3.287737214,0.00052192,"UDH"
27.46812152,0.659392405,0.147571476,1314.092056,18.67540672,304.2863322,-0.366249188,426.7433541,0.536252087,2432.212505,2432.212505,2432.212505,0.076480903,0.692643048,189018155.2,0.016698835,0.016520756,9.399414619,0.001888136,0.001888136,0.001888136,9.399414619,0.001888136,0.001888136,0.001888136,11.67589459,2.049105707,0.000348267,"UDH"
24.45524689,0.672773292,0.142052325,1637.82896,19.17445412,226.4612446,-0.167956229,567.7341809,0.556639861,2918.603678,2918.603678,2918.603678,0.060438902,0.971102632,317266122,0.014742946,0.014768599,6.868694712,0.000611133,0.000611133,0.000611133,6.868694712,0.000611133,0.000611133,0.000611133,7.718119471,3.261507067,0.00043772,"UDH"
